{
    "cms_id": "wp",
    "cms_name": "WordPress",
    "cms_url": "https://wordpress.org",
    "detection_param": "header",
    "last_scanned": "2022-05-06 11:41:23.769174",
    "url": "https://littleforest.co.uk/",
    "wp_license": "https://littleforest.co.uk//license.txt",
    "wp_plugins": "woocommerce Version 6.1.0,wp-testimonial-with-widget Version 2.6.3,contact-form-7 Version 5.5.2,storefront-woocommerce-customiser Version 1.2.1,storefront-pricing-tables Version 5.8.4,ultimate-social-media-icons Version 5.8.4,",
    "wp_readme_file": "https://littleforest.co.uk//readme.html",
    "wp_themes": "storefront Version 3.7.0,littleforest Version 5.8.4,",
    "wp_uploads_directory": "https://littleforest.co.uk//wp-content/uploads",
    "wp_users": "kelly-smith,natashatenacity,gavin,littleforest,ishmael-dube,rui,claire-brudenell,steve-burrows,josh-kelley,ismail-hawsawi,billy,carolinalittleforest-co-uk,nick-taylor,leonc,john-ferguson,james-mentz,joao,emma-guest,owen-mulpetre,xhico,luke-rumbelow,",
    "wp_version": "5.8.4"
}